{
    "key": "group_674adc6f9664c",
    "title": "Site Settings",
    "fields": [
        {
            "key": "field_674adc6fe7b0d",
            "label": "Menu",
            "name": "root_menu_pages",
            "aria-label": "",
            "type": "repeater",
            "instructions": "",
            "required": 1,
            "conditional_logic": 0,
            "wrapper": {
                "width": "",
                "class": "",
                "id": ""
            },
            "layout": "row",
            "pagination": 0,
            "min": 0,
            "max": 3,
            "collapsed": "field_674add28e7b0f",
            "button_label": "Add Menu Item",
            "rows_per_page": 20,
            "sub_fields": [
                {
                    "key": "field_674add28e7b0f",
                    "label": "Parent Menu Page",
                    "name": "root_menu_page",
                    "aria-label": "",
                    "type": "post_object",
                    "instructions": "This is the root menu page for the section",
                    "required": 0,
                    "conditional_logic": 0,
                    "wrapper": {
                        "width": "",
                        "class": "",
                        "id": ""
                    },
                    "post_type": [
                        "page"
                    ],
                    "post_status": "",
                    "taxonomy": "",
                    "return_format": "id",
                    "multiple": 0,
                    "allow_null": 0,
                    "allow_in_bindings": 0,
                    "bidirectional": 0,
                    "ui": 1,
                    "bidirectional_target": [],
                    "parent_repeater": "field_674adc6fe7b0d"
                },
                {
                    "key": "field_675f55fe03a75",
                    "label": "Menu Subtitle",
                    "name": "menu_subtitle",
                    "aria-label": "",
                    "type": "text",
                    "instructions": "",
                    "required": 0,
                    "conditional_logic": 0,
                    "wrapper": {
                        "width": "",
                        "class": "",
                        "id": ""
                    },
                    "default_value": "",
                    "maxlength": "",
                    "allow_in_bindings": 0,
                    "placeholder": "",
                    "prepend": "",
                    "append": "",
                    "parent_repeater": "field_674adc6fe7b0d"
                },
                {
                    "key": "field_67604f0dc8036",
                    "label": "Child Menu Items",
                    "name": "child_menu_items",
                    "aria-label": "",
                    "type": "repeater",
                    "instructions": "",
                    "required": 0,
                    "conditional_logic": 0,
                    "wrapper": {
                        "width": "",
                        "class": "",
                        "id": ""
                    },
                    "layout": "row",
                    "min": 0,
                    "max": 0,
                    "collapsed": "",
                    "button_label": "Add Row",
                    "rows_per_page": 20,
                    "sub_fields": [
                        {
                            "key": "field_67604f2ac8037",
                            "label": "Child Menu Item",
                            "name": "Child_Menu_Item",
                            "aria-label": "",
                            "type": "post_object",
                            "instructions": "",
                            "required": 0,
                            "conditional_logic": 0,
                            "wrapper": {
                                "width": "",
                                "class": "",
                                "id": ""
                            },
                            "post_type": [
                                "page"
                            ],
                            "post_status": [
                                "publish"
                            ],
                            "taxonomy": "",
                            "return_format": "object",
                            "multiple": 0,
                            "allow_null": 0,
                            "allow_in_bindings": 0,
                            "bidirectional": 0,
                            "ui": 1,
                            "bidirectional_target": [],
                            "parent_repeater": "field_67604f0dc8036"
                        },
                        {
                            "key": "field_67605244740cd",
                            "label": "Grandchild Menu Items",
                            "name": "grandchild_menu_items",
                            "aria-label": "",
                            "type": "repeater",
                            "instructions": "",
                            "required": 0,
                            "conditional_logic": 0,
                            "wrapper": {
                                "width": "",
                                "class": "",
                                "id": ""
                            },
                            "layout": "table",
                            "pagination": 0,
                            "min": 0,
                            "max": 0,
                            "collapsed": "",
                            "button_label": "Add Row",
                            "rows_per_page": 20,
                            "sub_fields": [
                                {
                                    "key": "field_6760532a740ce",
                                    "label": "Grandchild",
                                    "name": "grandchild",
                                    "aria-label": "",
                                    "type": "post_object",
                                    "instructions": "",
                                    "required": 0,
                                    "conditional_logic": 0,
                                    "wrapper": {
                                        "width": "",
                                        "class": "",
                                        "id": ""
                                    },
                                    "post_type": [
                                        "page"
                                    ],
                                    "post_status": [
                                        "publish"
                                    ],
                                    "taxonomy": "",
                                    "return_format": "object",
                                    "multiple": 0,
                                    "allow_null": 0,
                                    "allow_in_bindings": 0,
                                    "bidirectional": 0,
                                    "ui": 1,
                                    "bidirectional_target": [],
                                    "parent_repeater": "field_67605244740cd"
                                }
                            ],
                            "parent_repeater": "field_67604f0dc8036"
                        }
                    ],
                    "parent_repeater": "field_674adc6fe7b0d"
                }
            ]
        },
        {
            "key": "field_674d8f214e92a",
            "label": "Mobile Menu Links",
            "name": "mobile_menu_links",
            "aria-label": "",
            "type": "repeater",
            "instructions": "",
            "required": 0,
            "conditional_logic": 0,
            "wrapper": {
                "width": "",
                "class": "",
                "id": ""
            },
            "layout": "table",
            "pagination": 0,
            "min": 0,
            "max": 5,
            "collapsed": "field_674d8f214e92f",
            "button_label": "Add Menu Item",
            "rows_per_page": 20,
            "sub_fields": [
                {
                    "key": "field_674d8f214e92f",
                    "label": "Mobile Page Link",
                    "name": "mobile_page_link",
                    "aria-label": "",
                    "type": "post_object",
                    "instructions": "These are the smaller page links displayed below the main menu on mobile",
                    "required": 0,
                    "conditional_logic": 0,
                    "wrapper": {
                        "width": "",
                        "class": "",
                        "id": ""
                    },
                    "post_type": [
                        "page"
                    ],
                    "post_status": [
                        "publish"
                    ],
                    "taxonomy": "",
                    "return_format": "id",
                    "multiple": 0,
                    "allow_null": 0,
                    "allow_in_bindings": 0,
                    "bidirectional": 0,
                    "ui": 1,
                    "bidirectional_target": [],
                    "parent_repeater": "field_674d8f214e92a"
                }
            ]
        },
        {
            "key": "field_674ae0a3f6c5e",
            "label": "Social Accounts",
            "name": "social_accounts",
            "aria-label": "",
            "type": "repeater",
            "instructions": "",
            "required": 0,
            "conditional_logic": 0,
            "wrapper": {
                "width": "",
                "class": "",
                "id": ""
            },
            "layout": "table",
            "pagination": 0,
            "min": 0,
            "max": 0,
            "collapsed": "",
            "button_label": "Add Row",
            "rows_per_page": 20,
            "sub_fields": [
                {
                    "key": "field_674ae0cef6c5f",
                    "label": "Social Link",
                    "name": "social_link",
                    "aria-label": "",
                    "type": "link",
                    "instructions": "",
                    "required": 0,
                    "conditional_logic": 0,
                    "wrapper": {
                        "width": "",
                        "class": "",
                        "id": ""
                    },
                    "return_format": "array",
                    "allow_in_bindings": 0,
                    "parent_repeater": "field_674ae0a3f6c5e"
                },
                {
                    "key": "field_674ae0ebf6c60",
                    "label": "Social Icon",
                    "name": "social_icon",
                    "aria-label": "",
                    "type": "image",
                    "instructions": "",
                    "required": 0,
                    "conditional_logic": 0,
                    "wrapper": {
                        "width": "",
                        "class": "",
                        "id": ""
                    },
                    "return_format": "array",
                    "library": "all",
                    "min_width": "",
                    "min_height": "",
                    "min_size": "",
                    "max_width": "",
                    "max_height": "",
                    "max_size": "",
                    "mime_types": "",
                    "allow_in_bindings": 1,
                    "preview_size": "medium",
                    "parent_repeater": "field_674ae0a3f6c5e"
                },
                {
                    "key": "field_674db313222e5",
                    "label": "Social Icon (Alternate)",
                    "name": "social_icon_alternate",
                    "aria-label": "",
                    "type": "image",
                    "instructions": "",
                    "required": 0,
                    "conditional_logic": 0,
                    "wrapper": {
                        "width": "",
                        "class": "",
                        "id": ""
                    },
                    "return_format": "array",
                    "library": "all",
                    "min_width": "",
                    "min_height": "",
                    "min_size": "",
                    "max_width": "",
                    "max_height": "",
                    "max_size": "",
                    "mime_types": "",
                    "allow_in_bindings": 1,
                    "preview_size": "medium",
                    "parent_repeater": "field_674ae0a3f6c5e"
                }
            ]
        },
        {
            "key": "field_674ae17ad88c2",
            "label": "Header",
            "name": "header",
            "aria-label": "",
            "type": "group",
            "instructions": "",
            "required": 0,
            "conditional_logic": 0,
            "wrapper": {
                "width": "",
                "class": "",
                "id": ""
            },
            "layout": "block",
            "sub_fields": [
                {
                    "key": "field_674ae18bd88c3",
                    "label": "Header Logo",
                    "name": "header_logo",
                    "aria-label": "",
                    "type": "image",
                    "instructions": "",
                    "required": 0,
                    "conditional_logic": 0,
                    "wrapper": {
                        "width": "",
                        "class": "",
                        "id": ""
                    },
                    "return_format": "array",
                    "library": "all",
                    "min_width": "",
                    "min_height": "",
                    "min_size": "",
                    "max_width": "",
                    "max_height": "",
                    "max_size": "",
                    "mime_types": "",
                    "allow_in_bindings": 0,
                    "preview_size": "medium"
                },
                {
                    "key": "field_674ae1add88c4",
                    "label": "Header Links",
                    "name": "header_links",
                    "aria-label": "",
                    "type": "repeater",
                    "instructions": "",
                    "required": 0,
                    "conditional_logic": 0,
                    "wrapper": {
                        "width": "",
                        "class": "",
                        "id": ""
                    },
                    "layout": "row",
                    "pagination": 0,
                    "min": 0,
                    "max": 3,
                    "collapsed": "field_674ae1c0d88c5",
                    "button_label": "Add Link",
                    "rows_per_page": 20,
                    "sub_fields": [
                        {
                            "key": "field_674ae1c0d88c5",
                            "label": "Header Link",
                            "name": "header_link",
                            "aria-label": "",
                            "type": "post_object",
                            "instructions": "",
                            "required": 0,
                            "conditional_logic": 0,
                            "wrapper": {
                                "width": "",
                                "class": "",
                                "id": ""
                            },
                            "post_type": [
                                "page"
                            ],
                            "post_status": [
                                "publish"
                            ],
                            "taxonomy": "",
                            "return_format": "object",
                            "multiple": 0,
                            "allow_null": 0,
                            "allow_in_bindings": 1,
                            "bidirectional": 0,
                            "ui": 1,
                            "bidirectional_target": [],
                            "parent_repeater": "field_674ae1add88c4"
                        }
                    ]
                }
            ]
        },
        {
            "key": "field_674b2c22919b5",
            "label": "Footer",
            "name": "footer",
            "aria-label": "",
            "type": "group",
            "instructions": "",
            "required": 0,
            "conditional_logic": 0,
            "wrapper": {
                "width": "",
                "class": "",
                "id": ""
            },
            "layout": "block",
            "sub_fields": [
                {
                    "key": "field_674b2cb0986d5",
                    "label": "Footer Logo",
                    "name": "footer_logo",
                    "aria-label": "",
                    "type": "image",
                    "instructions": "",
                    "required": 0,
                    "conditional_logic": 0,
                    "wrapper": {
                        "width": "",
                        "class": "",
                        "id": ""
                    },
                    "return_format": "array",
                    "library": "all",
                    "min_width": "",
                    "min_height": "",
                    "min_size": "",
                    "max_width": "",
                    "max_height": "",
                    "max_size": "",
                    "mime_types": "",
                    "allow_in_bindings": 0,
                    "preview_size": "medium"
                },
                {
                    "key": "field_67a9fca69ef00",
                    "label": "Footer Left Small Title",
                    "name": "footer_left_small_title",
                    "aria-label": "",
                    "type": "text",
                    "instructions": "",
                    "required": 0,
                    "conditional_logic": 0,
                    "wrapper": {
                        "width": "",
                        "class": "",
                        "id": ""
                    },
                    "default_value": "",
                    "maxlength": "",
                    "allow_in_bindings": 0,
                    "placeholder": "",
                    "prepend": "",
                    "append": ""
                },
                {
                    "key": "field_67a9fcc59ef01",
                    "label": "Footer Left Body",
                    "name": "footer_left_body",
                    "aria-label": "",
                    "type": "text",
                    "instructions": "",
                    "required": 0,
                    "conditional_logic": 0,
                    "wrapper": {
                        "width": "",
                        "class": "",
                        "id": ""
                    },
                    "default_value": "",
                    "maxlength": "",
                    "allow_in_bindings": 0,
                    "placeholder": "",
                    "prepend": "",
                    "append": ""
                },
                {
                    "key": "field_674b2c37919b6",
                    "label": "Text Area 1",
                    "name": "text_area_1",
                    "aria-label": "",
                    "type": "wysiwyg",
                    "instructions": "",
                    "required": 0,
                    "conditional_logic": 0,
                    "wrapper": {
                        "width": "",
                        "class": "",
                        "id": ""
                    },
                    "default_value": "",
                    "allow_in_bindings": 1,
                    "tabs": "all",
                    "toolbar": "full",
                    "media_upload": 0,
                    "delay": 0
                },
                {
                    "key": "field_674b2cde986d6",
                    "label": "Text Area 2",
                    "name": "text_area_2",
                    "aria-label": "",
                    "type": "wysiwyg",
                    "instructions": "",
                    "required": 0,
                    "conditional_logic": 0,
                    "wrapper": {
                        "width": "",
                        "class": "",
                        "id": ""
                    },
                    "default_value": "",
                    "allow_in_bindings": 1,
                    "tabs": "all",
                    "toolbar": "full",
                    "media_upload": 0,
                    "delay": 0
                },
                {
                    "key": "field_674b2cf1702fc",
                    "label": "Text Area 3",
                    "name": "text_area_3",
                    "aria-label": "",
                    "type": "wysiwyg",
                    "instructions": "",
                    "required": 0,
                    "conditional_logic": 0,
                    "wrapper": {
                        "width": "",
                        "class": "",
                        "id": ""
                    },
                    "default_value": "",
                    "allow_in_bindings": 1,
                    "tabs": "all",
                    "toolbar": "full",
                    "media_upload": 0,
                    "delay": 0
                },
                {
                    "key": "field_67a62ba8cd865",
                    "label": "Text Area 4",
                    "name": "text_area_4",
                    "aria-label": "",
                    "type": "wysiwyg",
                    "instructions": "",
                    "required": 0,
                    "conditional_logic": 0,
                    "wrapper": {
                        "width": "",
                        "class": "",
                        "id": ""
                    },
                    "default_value": "",
                    "allow_in_bindings": 1,
                    "tabs": "all",
                    "toolbar": "full",
                    "media_upload": 0,
                    "delay": 0
                }
            ]
        }
    ],
    "location": [
        [
            {
                "param": "options_page",
                "operator": "==",
                "value": "site-settings"
            }
        ]
    ],
    "menu_order": 0,
    "position": "normal",
    "style": "default",
    "label_placement": "top",
    "instruction_placement": "label",
    "hide_on_screen": "",
    "active": true,
    "description": "",
    "show_in_rest": 0,
    "modified": 1739193587
}
