{
    "key": "group_5bc605af3a4b3",
    "title": "Resources",
    "fields": [
        {
            "key": "field_5bc605b57d6ae",
            "label": "Resource Link Type",
            "name": "resource_link_type",
            "aria-label": "",
            "type": "select",
            "instructions": "",
            "required": 0,
            "conditional_logic": 0,
            "wrapper": {
                "width": "",
                "class": "",
                "id": ""
            },
            "relevanssi_exclude": 0,
            "wpml_cf_preferences": 2,
            "choices": {
                "page": "Content Page",
                "direct": "Direct Url or Download"
            },
            "default_value": false,
            "return_format": "value",
            "multiple": 0,
            "allow_null": 1,
            "ui": 0,
            "ajax": 0,
            "placeholder": ""
        },
        {
            "key": "field_5bc605f257a4e",
            "label": "Content",
            "name": "content",
            "aria-label": "",
            "type": "clone",
            "instructions": "",
            "required": 0,
            "conditional_logic": [
                [
                    {
                        "field": "field_5bc605b57d6ae",
                        "operator": "==",
                        "value": "page"
                    }
                ]
            ],
            "wrapper": {
                "width": "",
                "class": "",
                "id": ""
            },
            "wpml_cf_preferences": 2,
            "clone": [
                "group_589359bb4e19e"
            ],
            "display": "group",
            "layout": "block",
            "prefix_label": 0,
            "prefix_name": 0
        },
        {
            "key": "field_5bc60639d624c",
            "label": "URL",
            "name": "url_",
            "aria-label": "",
            "type": "link",
            "instructions": "",
            "required": 0,
            "conditional_logic": [
                [
                    {
                        "field": "field_5bc605b57d6ae",
                        "operator": "==",
                        "value": "direct"
                    }
                ]
            ],
            "wrapper": {
                "width": "",
                "class": "",
                "id": ""
            },
            "relevanssi_exclude": 0,
            "wpml_cf_preferences": 2,
            "return_format": "url"
        }
    ],
    "location": [
        [
            {
                "param": "post_type",
                "operator": "==",
                "value": "resources_posts"
            }
        ],
        [
            {
                "param": "post_type",
                "operator": "==",
                "value": "public_info"
            }
        ]
    ],
    "menu_order": 0,
    "position": "normal",
    "style": "default",
    "label_placement": "top",
    "instruction_placement": "label",
    "hide_on_screen": [
        "the_content",
        "excerpt",
        "discussion",
        "comments",
        "revisions",
        "slug",
        "author",
        "format",
        "featured_image",
        "categories",
        "tags",
        "send-trackbacks"
    ],
    "active": true,
    "description": "",
    "show_in_rest": 0,
    "modified": 1739453705
}
