{
    "key": "group_674b7004533c1",
    "title": "Post Type Settings",
    "fields": [
        {
            "key": "field_674b70751d54b",
            "label": "Archive Page",
            "name": "archive_page",
            "aria-label": "",
            "type": "post_object",
            "instructions": "",
            "required": 0,
            "conditional_logic": 0,
            "wrapper": {
                "width": "",
                "class": "",
                "id": ""
            },
            "post_type": "",
            "post_status": "",
            "taxonomy": "",
            "return_format": "id",
            "multiple": 0,
            "allow_null": 0,
            "allow_in_bindings": 0,
            "bidirectional": 0,
            "ui": 1,
            "bidirectional_target": []
        }
    ],
    "location": [
        [
            {
                "param": "options_page",
                "operator": "==",
                "value": "public-bodies-settings"
            }
        ]
    ],
    "menu_order": 0,
    "position": "normal",
    "style": "default",
    "label_placement": "top",
    "instruction_placement": "label",
    "hide_on_screen": "",
    "active": true,
    "description": "",
    "show_in_rest": 0,
    "modified": 1732997478
}
