{
    "key": "group_587b289544866",
    "title": "News Posts",
    "fields": [
        {
            "key": "field_587b833737858",
            "label": "News Category",
            "name": "news_category",
            "aria-label": "",
            "type": "taxonomy",
            "instructions": "",
            "required": 1,
            "conditional_logic": 0,
            "wrapper": {
                "width": "",
                "class": "",
                "id": ""
            },
            "taxonomy": "news_cat",
            "add_term": 0,
            "save_terms": 1,
            "load_terms": 1,
            "return_format": "id",
            "field_type": "radio",
            "allow_null": 0,
            "allow_in_bindings": 1,
            "bidirectional": 0,
            "multiple": 0,
            "bidirectional_target": []
        },
        {
            "key": "field_587b28ccb47a7",
            "label": "Author",
            "name": "author",
            "aria-label": "",
            "type": "relationship",
            "instructions": "",
            "required": 0,
            "conditional_logic": 0,
            "wrapper": {
                "width": "",
                "class": "",
                "id": ""
            },
            "post_type": [
                "team"
            ],
            "taxonomy": [],
            "filters": [
                "search",
                "post_type",
                "taxonomy"
            ],
            "elements": "",
            "min": 0,
            "max": 1,
            "return_format": "id",
            "wpml_cf_preferences": 0,
            "bidirectional_target": []
        }
    ],
    "location": [
        [
            {
                "param": "post_type",
                "operator": "==",
                "value": "press_releases"
            }
        ]
    ],
    "menu_order": 0,
    "position": "normal",
    "style": "default",
    "label_placement": "top",
    "instruction_placement": "label",
    "hide_on_screen": [
        "permalink",
        "the_content",
        "excerpt",
        "discussion",
        "comments",
        "slug",
        "format",
        "featured_image",
        "tags",
        "send-trackbacks"
    ],
    "active": true,
    "description": "",
    "show_in_rest": 0,
    "modified": 1739447590
}
