{
    "key": "group_589359bb4e19e",
    "title": "Simple Flex",
    "fields": [
        {
            "key": "field_589359c9f39f3",
            "label": "Flexible Content",
            "name": "simple_flexible_content",
            "aria-label": "",
            "type": "flexible_content",
            "instructions": "",
            "required": 0,
            "conditional_logic": 0,
            "wrapper": {
                "width": "",
                "class": "",
                "id": ""
            },
            "relevanssi_exclude": 0,
            "wpml_cf_preferences": 1,
            "layouts": {
                "589359df7cc8e": {
                    "key": "589359df7cc8e",
                    "name": "intro_text",
                    "label": "Intro Text",
                    "display": "block",
                    "sub_fields": [
                        {
                            "key": "field_589359f5f39f4",
                            "label": "Intro Content",
                            "name": "intro_content",
                            "aria-label": "",
                            "type": "textarea",
                            "instructions": "Paragraph of intro text — Should only be used once per post to highlight an introductory statement",
                            "required": 0,
                            "conditional_logic": 0,
                            "wrapper": {
                                "width": "",
                                "class": "",
                                "id": ""
                            },
                            "default_value": "",
                            "placeholder": "",
                            "maxlength": "",
                            "rows": 6,
                            "new_lines": "br"
                        }
                    ],
                    "min": "",
                    "max": ""
                },
                "58935a22f39f5": {
                    "key": "58935a22f39f5",
                    "name": "paragraph",
                    "label": "Paragraph — Rich Content",
                    "display": "block",
                    "sub_fields": [
                        {
                            "key": "field_58935a31f39f6",
                            "label": "Paragraph Content",
                            "name": "paragraph_content",
                            "aria-label": "",
                            "type": "wysiwyg",
                            "instructions": "This is a main content block, and used for rich paragraph content",
                            "required": 0,
                            "conditional_logic": 0,
                            "wrapper": {
                                "width": "",
                                "class": "",
                                "id": ""
                            },
                            "wpml_cf_preferences": 0,
                            "default_value": "",
                            "tabs": "all",
                            "toolbar": "full",
                            "media_upload": 1,
                            "delay": 1
                        }
                    ],
                    "min": "",
                    "max": ""
                },
                "58935fe2222a9": {
                    "key": "58935fe2222a9",
                    "name": "subtitle",
                    "label": "Subtitle",
                    "display": "block",
                    "sub_fields": [
                        {
                            "key": "field_58935feb222aa",
                            "label": "Subtitle Text",
                            "name": "subtitle_text",
                            "aria-label": "",
                            "type": "textarea",
                            "instructions": "",
                            "required": 0,
                            "conditional_logic": 0,
                            "wrapper": {
                                "width": "",
                                "class": "",
                                "id": ""
                            },
                            "relevanssi_exclude": 0,
                            "wpml_cf_preferences": 2,
                            "default_value": "",
                            "maxlength": "",
                            "rows": 2,
                            "placeholder": "",
                            "new_lines": "br"
                        }
                    ],
                    "min": "",
                    "max": ""
                },
                "58935a65f39f7": {
                    "key": "58935a65f39f7",
                    "name": "image",
                    "label": "Image",
                    "display": "block",
                    "sub_fields": [
                        {
                            "key": "field_58935a6df39f8",
                            "label": "Image File",
                            "name": "image_file",
                            "aria-label": "",
                            "type": "image",
                            "instructions": "",
                            "required": 0,
                            "conditional_logic": 0,
                            "wrapper": {
                                "width": "",
                                "class": "",
                                "id": ""
                            },
                            "return_format": "id",
                            "preview_size": "thumbnail",
                            "library": "all",
                            "min_width": "",
                            "min_height": "",
                            "min_size": "",
                            "max_width": "",
                            "max_height": "",
                            "max_size": "",
                            "mime_types": ""
                        },
                        {
                            "key": "field_58935a85f39f9",
                            "label": "Alt Text",
                            "name": "alt_text",
                            "aria-label": "",
                            "type": "text",
                            "instructions": "The Alt text is necessary for accessibility—A short sentence that briefly describes the content of the image",
                            "required": 1,
                            "conditional_logic": 0,
                            "wrapper": {
                                "width": "",
                                "class": "",
                                "id": ""
                            },
                            "default_value": "",
                            "placeholder": "",
                            "prepend": "",
                            "append": "",
                            "maxlength": ""
                        },
                        {
                            "key": "field_58935a90f39fa",
                            "label": "Caption",
                            "name": "caption",
                            "aria-label": "",
                            "type": "text",
                            "instructions": "The caption adds additional information, or a description of the image",
                            "required": 0,
                            "conditional_logic": 0,
                            "wrapper": {
                                "width": "",
                                "class": "",
                                "id": ""
                            },
                            "default_value": "",
                            "placeholder": "",
                            "prepend": "",
                            "append": "",
                            "maxlength": ""
                        }
                    ],
                    "min": "",
                    "max": ""
                },
                "58935a9df39fb": {
                    "key": "58935a9df39fb",
                    "name": "blockquote",
                    "label": "Blockquote",
                    "display": "block",
                    "sub_fields": [
                        {
                            "key": "field_58935aa8f39fc",
                            "label": "Quotation",
                            "name": "quotation",
                            "aria-label": "",
                            "type": "textarea",
                            "instructions": "",
                            "required": 0,
                            "conditional_logic": 0,
                            "wrapper": {
                                "width": "",
                                "class": "",
                                "id": ""
                            },
                            "wpml_cf_preferences": 2,
                            "default_value": "",
                            "placeholder": "",
                            "maxlength": "",
                            "rows": 6,
                            "new_lines": "br"
                        },
                        {
                            "key": "field_58935ab7f39fd",
                            "label": "Citation",
                            "name": "citation",
                            "aria-label": "",
                            "type": "text",
                            "instructions": "",
                            "required": 0,
                            "conditional_logic": 0,
                            "wrapper": {
                                "width": "",
                                "class": "",
                                "id": ""
                            },
                            "wpml_cf_preferences": 2,
                            "default_value": "",
                            "placeholder": "",
                            "prepend": "",
                            "append": "",
                            "maxlength": ""
                        },
                        {
                            "key": "field_58935ac1f39fe",
                            "label": "Role",
                            "name": "role",
                            "aria-label": "",
                            "type": "text",
                            "instructions": "",
                            "required": 0,
                            "conditional_logic": 0,
                            "wrapper": {
                                "width": "",
                                "class": "",
                                "id": ""
                            },
                            "wpml_cf_preferences": 2,
                            "default_value": "",
                            "placeholder": "",
                            "prepend": "",
                            "append": "",
                            "maxlength": ""
                        }
                    ],
                    "min": "",
                    "max": ""
                },
                "58935acef39ff": {
                    "key": "58935acef39ff",
                    "name": "video",
                    "label": "Video",
                    "display": "block",
                    "sub_fields": [
                        {
                            "key": "field_58935ae1f3a00",
                            "label": "Video URL",
                            "name": "video_url",
                            "aria-label": "",
                            "type": "oembed",
                            "instructions": "",
                            "required": 0,
                            "conditional_logic": 0,
                            "wrapper": {
                                "width": "",
                                "class": "",
                                "id": ""
                            },
                            "width": "",
                            "height": ""
                        }
                    ],
                    "min": "",
                    "max": ""
                },
                "layout_6385eabd12663": {
                    "key": "layout_6385eabd12663",
                    "name": "content_thumb_links",
                    "label": "Content Thumb Links",
                    "display": "block",
                    "sub_fields": [
                        {
                            "key": "field_63860306497e8",
                            "label": "Number of Columns",
                            "name": "number_of_columns",
                            "aria-label": "",
                            "type": "select",
                            "instructions": "",
                            "required": 0,
                            "conditional_logic": 0,
                            "wrapper": {
                                "width": "",
                                "class": "",
                                "id": ""
                            },
                            "wpml_cf_preferences": 3,
                            "choices": {
                                "two": "Two",
                                "three": "Three"
                            },
                            "default_value": false,
                            "allow_null": 1,
                            "multiple": 0,
                            "ui": 1,
                            "ajax": 0,
                            "return_format": "value",
                            "placeholder": ""
                        },
                        {
                            "key": "field_6385ead312664",
                            "label": "Content Links",
                            "name": "content_links",
                            "aria-label": "",
                            "type": "repeater",
                            "instructions": "",
                            "required": 0,
                            "conditional_logic": 0,
                            "wrapper": {
                                "width": "",
                                "class": "",
                                "id": ""
                            },
                            "wpml_cf_preferences": 3,
                            "collapsed": "",
                            "min": 0,
                            "max": 0,
                            "layout": "row",
                            "button_label": "Add Row",
                            "rows_per_page": 20,
                            "sub_fields": [
                                {
                                    "key": "field_6385eaf112665",
                                    "label": "Image Link",
                                    "name": "image_link",
                                    "aria-label": "",
                                    "type": "image",
                                    "instructions": "",
                                    "required": 0,
                                    "conditional_logic": 0,
                                    "wrapper": {
                                        "width": "",
                                        "class": "",
                                        "id": ""
                                    },
                                    "wpml_cf_preferences": 3,
                                    "return_format": "array",
                                    "preview_size": "medium",
                                    "library": "all",
                                    "min_width": "",
                                    "min_height": "",
                                    "min_size": "",
                                    "max_width": "",
                                    "max_height": "",
                                    "max_size": "",
                                    "mime_types": "",
                                    "parent_repeater": "field_6385ead312664"
                                },
                                {
                                    "key": "field_6385eb1412666",
                                    "label": "Content Link",
                                    "name": "content_link",
                                    "aria-label": "",
                                    "type": "link",
                                    "instructions": "",
                                    "required": 0,
                                    "conditional_logic": 0,
                                    "wrapper": {
                                        "width": "",
                                        "class": "",
                                        "id": ""
                                    },
                                    "wpml_cf_preferences": 3,
                                    "return_format": "array",
                                    "parent_repeater": "field_6385ead312664"
                                }
                            ]
                        }
                    ],
                    "min": "",
                    "max": ""
                },
                "layout_63872cee72b20": {
                    "key": "layout_63872cee72b20",
                    "name": "boxed_list",
                    "label": "Boxed List",
                    "display": "block",
                    "sub_fields": [
                        {
                            "key": "field_63872cf772b21",
                            "label": "Boxed Listings",
                            "name": "boxed_listings",
                            "aria-label": "",
                            "type": "repeater",
                            "instructions": "",
                            "required": 0,
                            "conditional_logic": 0,
                            "wrapper": {
                                "width": "",
                                "class": "",
                                "id": ""
                            },
                            "wpml_cf_preferences": 3,
                            "collapsed": "",
                            "min": 0,
                            "max": 0,
                            "layout": "table",
                            "button_label": "Add Row",
                            "rows_per_page": 20,
                            "sub_fields": [
                                {
                                    "key": "field_63872d4e72b22",
                                    "label": "Title",
                                    "name": "title",
                                    "aria-label": "",
                                    "type": "text",
                                    "instructions": "",
                                    "required": 0,
                                    "conditional_logic": 0,
                                    "wrapper": {
                                        "width": "",
                                        "class": "",
                                        "id": ""
                                    },
                                    "wpml_cf_preferences": 3,
                                    "default_value": "",
                                    "placeholder": "",
                                    "prepend": "",
                                    "append": "",
                                    "maxlength": "",
                                    "parent_repeater": "field_63872cf772b21"
                                },
                                {
                                    "key": "field_63872d5972b23",
                                    "label": "Content",
                                    "name": "content",
                                    "aria-label": "",
                                    "type": "wysiwyg",
                                    "instructions": "",
                                    "required": 0,
                                    "conditional_logic": 0,
                                    "wrapper": {
                                        "width": "",
                                        "class": "",
                                        "id": ""
                                    },
                                    "wpml_cf_preferences": 3,
                                    "default_value": "",
                                    "tabs": "all",
                                    "toolbar": "full",
                                    "media_upload": 1,
                                    "delay": 0,
                                    "parent_repeater": "field_63872cf772b21"
                                }
                            ]
                        }
                    ],
                    "min": "",
                    "max": ""
                },
                "layout_63872ef205be2": {
                    "key": "layout_63872ef205be2",
                    "name": "image_gallery",
                    "label": "Image Gallery",
                    "display": "block",
                    "sub_fields": [
                        {
                            "key": "field_63872f0105be3",
                            "label": "Gallery Title",
                            "name": "gallery_title",
                            "aria-label": "",
                            "type": "text",
                            "instructions": "",
                            "required": 0,
                            "conditional_logic": 0,
                            "wrapper": {
                                "width": "",
                                "class": "",
                                "id": ""
                            },
                            "wpml_cf_preferences": 3,
                            "default_value": "",
                            "placeholder": "",
                            "prepend": "",
                            "append": "",
                            "maxlength": ""
                        },
                        {
                            "key": "field_63872f1705be4",
                            "label": "Gallery",
                            "name": "gallery",
                            "aria-label": "",
                            "type": "repeater",
                            "instructions": "",
                            "required": 0,
                            "conditional_logic": 0,
                            "wrapper": {
                                "width": "",
                                "class": "",
                                "id": ""
                            },
                            "wpml_cf_preferences": 3,
                            "collapsed": "",
                            "min": 0,
                            "max": 0,
                            "layout": "table",
                            "button_label": "Add Row",
                            "rows_per_page": 20,
                            "sub_fields": [
                                {
                                    "key": "field_63872f2b05be5",
                                    "label": "Gallery Image",
                                    "name": "gallery_image",
                                    "aria-label": "",
                                    "type": "image",
                                    "instructions": "",
                                    "required": 0,
                                    "conditional_logic": 0,
                                    "wrapper": {
                                        "width": "",
                                        "class": "",
                                        "id": ""
                                    },
                                    "wpml_cf_preferences": 3,
                                    "return_format": "id",
                                    "preview_size": "medium",
                                    "library": "all",
                                    "min_width": "",
                                    "min_height": "",
                                    "min_size": "",
                                    "max_width": "",
                                    "max_height": "",
                                    "max_size": "",
                                    "mime_types": "",
                                    "parent_repeater": "field_63872f1705be4"
                                }
                            ]
                        }
                    ],
                    "min": "",
                    "max": ""
                },
                "layout_6017d46351987": {
                    "key": "layout_6017d46351987",
                    "name": "image_text_highlight",
                    "label": "Image & Text Highlight",
                    "display": "block",
                    "sub_fields": [
                        {
                            "key": "field_6017d48151988",
                            "label": "Image and text highlight row",
                            "name": "image_and_text_highlight_row",
                            "aria-label": "",
                            "type": "repeater",
                            "instructions": "",
                            "required": 0,
                            "conditional_logic": 0,
                            "wrapper": {
                                "width": "",
                                "class": "",
                                "id": ""
                            },
                            "collapsed": "",
                            "min": 0,
                            "max": 0,
                            "layout": "table",
                            "button_label": "Add Row",
                            "wpml_cf_preferences": 0,
                            "rows_per_page": 20,
                            "sub_fields": [
                                {
                                    "key": "field_6017d49851989",
                                    "label": "Row content",
                                    "name": "row_content",
                                    "aria-label": "",
                                    "type": "clone",
                                    "instructions": "",
                                    "required": 0,
                                    "conditional_logic": 0,
                                    "wrapper": {
                                        "width": "",
                                        "class": "",
                                        "id": ""
                                    },
                                    "clone": [
                                        "field_587a15191ff84",
                                        "field_58790887257d1",
                                        "field_587a154ef65a5"
                                    ],
                                    "display": "seamless",
                                    "layout": "block",
                                    "prefix_label": 0,
                                    "prefix_name": 0,
                                    "wpml_cf_preferences": 0,
                                    "parent_repeater": "field_6017d48151988"
                                }
                            ]
                        }
                    ],
                    "min": "",
                    "max": ""
                },
                "58935b71f3a04": {
                    "key": "58935b71f3a04",
                    "name": "simple_list",
                    "label": "Simple List",
                    "display": "block",
                    "sub_fields": [
                        {
                            "key": "field_58935b80f3a05",
                            "label": "List",
                            "name": "list",
                            "aria-label": "",
                            "type": "repeater",
                            "instructions": "",
                            "required": 0,
                            "conditional_logic": 0,
                            "wrapper": {
                                "width": "",
                                "class": "",
                                "id": ""
                            },
                            "min": 0,
                            "max": 0,
                            "layout": "table",
                            "button_label": "Add Row",
                            "collapsed": "",
                            "rows_per_page": 20,
                            "sub_fields": [
                                {
                                    "key": "field_58935b9df3a06",
                                    "label": "List Item",
                                    "name": "list_item",
                                    "aria-label": "",
                                    "type": "wysiwyg",
                                    "instructions": "",
                                    "required": 0,
                                    "conditional_logic": 0,
                                    "wrapper": {
                                        "width": "",
                                        "class": "",
                                        "id": ""
                                    },
                                    "tabs": "all",
                                    "toolbar": "medium",
                                    "media_upload": 0,
                                    "default_value": "",
                                    "delay": 1,
                                    "parent_repeater": "field_58935b80f3a05"
                                }
                            ]
                        }
                    ],
                    "min": "",
                    "max": ""
                },
                "layout_5bd0364139cf7": {
                    "key": "layout_5bd0364139cf7",
                    "name": "expanding_list",
                    "label": "Expanding List",
                    "display": "block",
                    "sub_fields": [
                        {
                            "key": "field_5bd0364c39cf8",
                            "label": "List Items",
                            "name": "list_items",
                            "aria-label": "",
                            "type": "repeater",
                            "instructions": "",
                            "required": 0,
                            "conditional_logic": 0,
                            "wrapper": {
                                "width": "",
                                "class": "",
                                "id": ""
                            },
                            "collapsed": "",
                            "min": 0,
                            "max": 0,
                            "layout": "table",
                            "button_label": "Add Row",
                            "rows_per_page": 20,
                            "sub_fields": [
                                {
                                    "key": "field_5bd0366239cf9",
                                    "label": "List",
                                    "name": "list",
                                    "aria-label": "",
                                    "type": "clone",
                                    "instructions": "",
                                    "required": 0,
                                    "conditional_logic": 0,
                                    "wrapper": {
                                        "width": "",
                                        "class": "",
                                        "id": ""
                                    },
                                    "clone": [
                                        "field_58790887257d1"
                                    ],
                                    "display": "seamless",
                                    "layout": "block",
                                    "prefix_label": 0,
                                    "prefix_name": 0,
                                    "parent_repeater": "field_5bd0364c39cf8"
                                },
                                {
                                    "key": "field_5bd0367839cfa",
                                    "label": "List",
                                    "name": "list_",
                                    "aria-label": "",
                                    "type": "clone",
                                    "instructions": "",
                                    "required": 0,
                                    "conditional_logic": 0,
                                    "wrapper": {
                                        "width": "",
                                        "class": "",
                                        "id": ""
                                    },
                                    "clone": [
                                        "field_587a154ef65a5"
                                    ],
                                    "display": "seamless",
                                    "layout": "block",
                                    "prefix_label": 1,
                                    "prefix_name": 1,
                                    "parent_repeater": "field_5bd0364c39cf8"
                                }
                            ]
                        }
                    ],
                    "min": "",
                    "max": ""
                },
                "58935bc5f3a07": {
                    "key": "58935bc5f3a07",
                    "name": "embedded_tweet",
                    "label": "Embedded Tweet \/ Instagram",
                    "display": "block",
                    "sub_fields": [
                        {
                            "key": "field_58935bd7f3a08",
                            "label": "Tweet \/Instagram URL",
                            "name": "tweet_url",
                            "aria-label": "",
                            "type": "oembed",
                            "instructions": "Simply paste in the URL of the social media post that you would like to feature inline with your content",
                            "required": 0,
                            "conditional_logic": 0,
                            "wrapper": {
                                "width": "",
                                "class": "",
                                "id": ""
                            },
                            "width": "",
                            "height": ""
                        }
                    ],
                    "min": "",
                    "max": ""
                },
                "58b157cea63ae": {
                    "key": "58b157cea63ae",
                    "name": "call_to_action",
                    "label": "Call To Action",
                    "display": "block",
                    "sub_fields": [
                        {
                            "key": "field_58b157eaa63b0",
                            "label": "Call to action text",
                            "name": "call_to_action_text",
                            "aria-label": "",
                            "type": "text",
                            "instructions": "",
                            "required": 0,
                            "conditional_logic": 0,
                            "wrapper": {
                                "width": "",
                                "class": "",
                                "id": ""
                            },
                            "relevanssi_exclude": 0,
                            "wpml_cf_preferences": 2,
                            "default_value": "",
                            "maxlength": "",
                            "placeholder": "",
                            "prepend": "",
                            "append": ""
                        },
                        {
                            "key": "field_58b1583aa63b2",
                            "label": "Button",
                            "name": "button_link",
                            "aria-label": "",
                            "type": "link",
                            "instructions": "",
                            "required": 0,
                            "conditional_logic": 0,
                            "wrapper": {
                                "width": "",
                                "class": "",
                                "id": ""
                            },
                            "relevanssi_exclude": 0,
                            "wpml_cf_preferences": 2,
                            "return_format": "url"
                        },
                        {
                            "key": "field_5c781474886b2",
                            "label": "Position",
                            "name": "position",
                            "aria-label": "",
                            "type": "select",
                            "instructions": "",
                            "required": 0,
                            "conditional_logic": 0,
                            "wrapper": {
                                "width": "",
                                "class": "",
                                "id": ""
                            },
                            "choices": {
                                "center": "Center",
                                "left": "Left",
                                "right": "Right"
                            },
                            "default_value": "left",
                            "allow_null": 1,
                            "multiple": 0,
                            "ui": 0,
                            "return_format": "value",
                            "wpml_cf_preferences": 0,
                            "ajax": 0,
                            "placeholder": ""
                        }
                    ],
                    "min": "",
                    "max": ""
                }
            },
            "min": "",
            "max": "",
            "button_label": "Add Content"
        }
    ],
    "location": [
        [
            {
                "param": "post_type",
                "operator": "==",
                "value": "public_info"
            }
        ],
        [
            {
                "param": "post_type",
                "operator": "==",
                "value": "press_releases"
            }
        ],
        [
            {
                "param": "post_type",
                "operator": "==",
                "value": "resources_posts"
            }
        ]
    ],
    "menu_order": 2,
    "position": "normal",
    "style": "default",
    "label_placement": "top",
    "instruction_placement": "label",
    "hide_on_screen": [
        "the_content",
        "excerpt",
        "discussion",
        "comments",
        "revisions",
        "slug",
        "author",
        "format",
        "featured_image",
        "categories",
        "tags",
        "send-trackbacks"
    ],
    "active": true,
    "description": "",
    "show_in_rest": 0,
    "modified": 1739446368
}
