{
    "key": "ui_options_page_674adc0f14a26",
    "title": "Site Settings",
    "active": true,
    "menu_order": 0,
    "page_title": "Site Settings",
    "menu_slug": "site-settings",
    "parent_slug": "none",
    "advanced_configuration": 1,
    "icon_url": "",
    "menu_title": "",
    "position": "",
    "redirect": 0,
    "description": "",
    "menu_icon": {
        "type": "dashicons",
        "value": "dashicons-admin-generic"
    },
    "update_button": "Update",
    "updated_message": "Options Updated",
    "capability": "edit_posts",
    "data_storage": "options",
    "post_id": "",
    "autoload": 0,
    "modified": 1732959331
}
