{
    "key": "ui_options_page_674b70da5ad8d",
    "title": "Public Bodies Settings",
    "active": true,
    "menu_order": 0,
    "page_title": "Public Bodies Settings",
    "menu_slug": "public-bodies-settings",
    "parent_slug": "edit.php?post_type=public-body",
    "advanced_configuration": 1,
    "icon_url": "",
    "menu_title": "",
    "position": "",
    "redirect": false,
    "description": "",
    "menu_icon": [],
    "update_button": "Update",
    "updated_message": "Options Updated",
    "capability": "edit_posts",
    "data_storage": "post_id",
    "post_id": "pb",
    "autoload": 0,
    "modified": 1732997761
}
